country,year
China,2010
China,2011
China,2012
China,2013
China,2014
China,2015
China,2016
China,2017
China,2018
China,2019
China,2020
China,2021
China,2022
China,2023
China,2024
India,2010
India,2011
India,2012
India,2013
India,2014
India,2015
India,2016
India,2017
India,2018
India,2019
India,2020
India,2021
India,2022
India,2023
India,2024
United States,2010
United States,2011
United States,2012
United States,2013
United States,2014
United States,2015
United States,2016
United States,2017
United States,2018
United States,2019
United States,2020
United States,2021
United States,2022
United States,2023
United States,2024
Indonesia,2010
Indonesia,2011
Indonesia,2012
Indonesia,2013
Indonesia,2014
Indonesia,2015
Indonesia,2016
Indonesia,2017
Indonesia,2018
Indonesia,2019
Indonesia,2020
Indonesia,2021
Indonesia,2022
Indonesia,2023
Indonesia,2024
Pakistan,2010
Pakistan,2011
Pakistan,2012
Pakistan,2013
Pakistan,2014
Pakistan,2015
Pakistan,2016
Pakistan,2017
Pakistan,2018
Pakistan,2019
Pakistan,2020
Pakistan,2021
Pakistan,2022
Pakistan,2023
Pakistan,2024
Nigeria,2010
Nigeria,2011
Nigeria,2012
Nigeria,2013
Nigeria,2014
Nigeria,2015
Nigeria,2016
Nigeria,2017
Nigeria,2018
Nigeria,2019
Nigeria,2020
Nigeria,2021
Nigeria,2022
Nigeria,2023
Nigeria,2024
Brazil,2010
Brazil,2011
Brazil,2012
Brazil,2013
Brazil,2014
Brazil,2015
Brazil,2016
Brazil,2017
Brazil,2018
Brazil,2019
Brazil,2020
Brazil,2021
Brazil,2022
Brazil,2023
Brazil,2024
Russia,2010
Russia,2011
Russia,2012
Russia,2013
Russia,2014
Russia,2015
Russia,2016
Russia,2017
Russia,2018
Russia,2019
Russia,2020
Russia,2021
Russia,2022
Russia,2023
Russia,2024
Mexico,2010
Mexico,2011
Mexico,2012
Mexico,2013
Mexico,2014
Mexico,2015
Mexico,2016
Mexico,2017
Mexico,2018
Mexico,2019
Mexico,2020
Mexico,2021
Mexico,2022
Mexico,2023
Mexico,2024
Japan,2010
Japan,2011
Japan,2012
Japan,2013
Japan,2014
Japan,2015
Japan,2016
Japan,2017
Japan,2018
Japan,2019
Japan,2020
Japan,2021
Japan,2022
Japan,2023
Japan,2024
Philippines,2010
Philippines,2011
Philippines,2012
Philippines,2013
Philippines,2014
Philippines,2015
Philippines,2016
Philippines,2017
Philippines,2018
Philippines,2019
Philippines,2020
Philippines,2021
Philippines,2022
Philippines,2023
Philippines,2024
Ethiopia,2010
Ethiopia,2011
Ethiopia,2012
Ethiopia,2013
Ethiopia,2014
Ethiopia,2015
Ethiopia,2016
Ethiopia,2017
Ethiopia,2018
Ethiopia,2019
Ethiopia,2020
Ethiopia,2021
Ethiopia,2022
Ethiopia,2023
Ethiopia,2024
Egypt,2010
Egypt,2011
Egypt,2012
Egypt,2013
Egypt,2014
Egypt,2015
Egypt,2016
Egypt,2017
Egypt,2018
Egypt,2019
Egypt,2020
Egypt,2021
Egypt,2022
Egypt,2023
Egypt,2024
Democratic Republic of the Congo,2010
Democratic Republic of the Congo,2011
Democratic Republic of the Congo,2012
Democratic Republic of the Congo,2013
Democratic Republic of the Congo,2014
Democratic Republic of the Congo,2015
Democratic Republic of the Congo,2016
Democratic Republic of the Congo,2017
Democratic Republic of the Congo,2018
Democratic Republic of the Congo,2019
Democratic Republic of the Congo,2020
Democratic Republic of the Congo,2021
Democratic Republic of the Congo,2022
Democratic Republic of the Congo,2023
Democratic Republic of the Congo,2024
Vietnam,2010
Vietnam,2011
Vietnam,2012
Vietnam,2013
Vietnam,2014
Vietnam,2015
Vietnam,2016
Vietnam,2017
Vietnam,2018
Vietnam,2019
Vietnam,2020
Vietnam,2021
Vietnam,2022
Vietnam,2023
Vietnam,2024
Turkey,2010
Turkey,2011
Turkey,2012
Turkey,2013
Turkey,2014
Turkey,2015
Turkey,2016
Turkey,2017
Turkey,2018
Turkey,2019
Turkey,2020
Turkey,2021
Turkey,2022
Turkey,2023
Turkey,2024
Iran,2010
Iran,2011
Iran,2012
Iran,2013
Iran,2014
Iran,2015
Iran,2016
Iran,2017
Iran,2018
Iran,2019
Iran,2020
Iran,2021
Iran,2022
Iran,2023
Iran,2024
Germany,2010
Germany,2011
Germany,2012
Germany,2013
Germany,2014
Germany,2015
Germany,2016
Germany,2017
Germany,2018
Germany,2019
Germany,2020
Germany,2021
Germany,2022
Germany,2023
Germany,2024
France,2010
France,2011
France,2012
France,2013
France,2014
France,2015
France,2016
France,2017
France,2018
France,2019
France,2020
France,2021
France,2022
France,2023
France,2024
United Kingdom,2010
United Kingdom,2011
United Kingdom,2012
United Kingdom,2013
United Kingdom,2014
United Kingdom,2015
United Kingdom,2016
United Kingdom,2017
United Kingdom,2018
United Kingdom,2019
United Kingdom,2020
United Kingdom,2021
United Kingdom,2022
United Kingdom,2023
United Kingdom,2024
Thailand,2010
Thailand,2011
Thailand,2012
Thailand,2013
Thailand,2014
Thailand,2015
Thailand,2016
Thailand,2017
Thailand,2018
Thailand,2019
Thailand,2020
Thailand,2021
Thailand,2022
Thailand,2023
Thailand,2024
South Africa,2010
South Africa,2011
South Africa,2012
South Africa,2013
South Africa,2014
South Africa,2015
South Africa,2016
South Africa,2017
South Africa,2018
South Africa,2019
South Africa,2020
South Africa,2021
South Africa,2022
South Africa,2023
South Africa,2024
Italy,2010
Italy,2011
Italy,2012
Italy,2013
Italy,2014
Italy,2015
Italy,2016
Italy,2017
Italy,2018
Italy,2019
Italy,2020
Italy,2021
Italy,2022
Italy,2023
Italy,2024
Colombia,2010
Colombia,2011
Colombia,2012
Colombia,2013
Colombia,2014
Colombia,2015
Colombia,2016
Colombia,2017
Colombia,2018
Colombia,2019
Colombia,2020
Colombia,2021
Colombia,2022
Colombia,2023
Colombia,2024
Kenya,2010
Kenya,2011
Kenya,2012
Kenya,2013
Kenya,2014
Kenya,2015
Kenya,2016
Kenya,2017
Kenya,2018
Kenya,2019
Kenya,2020
Kenya,2021
Kenya,2022
Kenya,2023
Kenya,2024
South Korea,2010
South Korea,2011
South Korea,2012
South Korea,2013
South Korea,2014
South Korea,2015
South Korea,2016
South Korea,2017
South Korea,2018
South Korea,2019
South Korea,2020
South Korea,2021
South Korea,2022
South Korea,2023
South Korea,2024
Spain,2010
Spain,2011
Spain,2012
Spain,2013
Spain,2014
Spain,2015
Spain,2016
Spain,2017
Spain,2018
Spain,2019
Spain,2020
Spain,2021
Spain,2022
Spain,2023
Spain,2024
Argentina,2010
Argentina,2011
Argentina,2012
Argentina,2013
Argentina,2014
Argentina,2015
Argentina,2016
Argentina,2017
Argentina,2018
Argentina,2019
Argentina,2020
Argentina,2021
Argentina,2022
Argentina,2023
Argentina,2024
Algeria,2010
Algeria,2011
Algeria,2012
Algeria,2013
Algeria,2014
Algeria,2015
Algeria,2016
Algeria,2017
Algeria,2018
Algeria,2019
Algeria,2020
Algeria,2021
Algeria,2022
Algeria,2023
Algeria,2024
Uganda,2010
Uganda,2011
Uganda,2012
Uganda,2013
Uganda,2014
Uganda,2015
Uganda,2016
Uganda,2017
Uganda,2018
Uganda,2019
Uganda,2020
Uganda,2021
Uganda,2022
Uganda,2023
Uganda,2024
Iraq,2010
Iraq,2011
Iraq,2012
Iraq,2013
Iraq,2014
Iraq,2015
Iraq,2016
Iraq,2017
Iraq,2018
Iraq,2019
Iraq,2020
Iraq,2021
Iraq,2022
Iraq,2023
Iraq,2024
Canada,2010
Canada,2011
Canada,2012
Canada,2013
Canada,2014
Canada,2015
Canada,2016
Canada,2017
Canada,2018
Canada,2019
Canada,2020
Canada,2021
Canada,2022
Canada,2023
Canada,2024
Poland,2010
Poland,2011
Poland,2012
Poland,2013
Poland,2014
Poland,2015
Poland,2016
Poland,2017
Poland,2018
Poland,2019
Poland,2020
Poland,2021
Poland,2022
Poland,2023
Poland,2024
Morocco,2010
Morocco,2011
Morocco,2012
Morocco,2013
Morocco,2014
Morocco,2015
Morocco,2016
Morocco,2017
Morocco,2018
Morocco,2019
Morocco,2020
Morocco,2021
Morocco,2022
Morocco,2023
Morocco,2024
Uzbekistan,2010
Uzbekistan,2011
Uzbekistan,2012
Uzbekistan,2013
Uzbekistan,2014
Uzbekistan,2015
Uzbekistan,2016
Uzbekistan,2017
Uzbekistan,2018
Uzbekistan,2019
Uzbekistan,2020
Uzbekistan,2021
Uzbekistan,2022
Uzbekistan,2023
Uzbekistan,2024
Ukraine,2010
Ukraine,2011
Ukraine,2012
Ukraine,2013
Ukraine,2014
Ukraine,2015
Ukraine,2016
Ukraine,2017
Ukraine,2018
Ukraine,2019
Ukraine,2020
Ukraine,2021
Ukraine,2022
Ukraine,2023
Ukraine,2024
Angola,2010
Angola,2011
Angola,2012
Angola,2013
Angola,2014
Angola,2015
Angola,2016
Angola,2017
Angola,2018
Angola,2019
Angola,2020
Angola,2021
Angola,2022
Angola,2023
Angola,2024
Afghanistan,2010
Afghanistan,2011
Afghanistan,2012
Afghanistan,2013
Afghanistan,2014
Afghanistan,2015
Afghanistan,2016
Afghanistan,2017
Afghanistan,2018
Afghanistan,2019
Afghanistan,2020
Afghanistan,2021
Afghanistan,2022
Afghanistan,2023
Afghanistan,2024
Malaysia,2010
Malaysia,2011
Malaysia,2012
Malaysia,2013
Malaysia,2014
Malaysia,2015
Malaysia,2016
Malaysia,2017
Malaysia,2018
Malaysia,2019
Malaysia,2020
Malaysia,2021
Malaysia,2022
Malaysia,2023
Malaysia,2024
Saudi Arabia,2010
Saudi Arabia,2011
Saudi Arabia,2012
Saudi Arabia,2013
Saudi Arabia,2014
Saudi Arabia,2015
Saudi Arabia,2016
Saudi Arabia,2017
Saudi Arabia,2018
Saudi Arabia,2019
Saudi Arabia,2020
Saudi Arabia,2021
Saudi Arabia,2022
Saudi Arabia,2023
Saudi Arabia,2024
Yemen,2010
Yemen,2011
Yemen,2012
Yemen,2013
Yemen,2014
Yemen,2015
Yemen,2016
Yemen,2017
Yemen,2018
Yemen,2019
Yemen,2020
Yemen,2021
Yemen,2022
Yemen,2023
Yemen,2024
Madagascar,2010
Madagascar,2011
Madagascar,2012
Madagascar,2013
Madagascar,2014
Madagascar,2015
Madagascar,2016
Madagascar,2017
Madagascar,2018
Madagascar,2019
Madagascar,2020
Madagascar,2021
Madagascar,2022
Madagascar,2023
Madagascar,2024
Ivory Coast,2010
Ivory Coast,2011
Ivory Coast,2012
Ivory Coast,2013
Ivory Coast,2014
Ivory Coast,2015
Ivory Coast,2016
Ivory Coast,2017
Ivory Coast,2018
Ivory Coast,2019
Ivory Coast,2020
Ivory Coast,2021
Ivory Coast,2022
Ivory Coast,2023
Ivory Coast,2024
Nepal,2010
Nepal,2011
Nepal,2012
Nepal,2013
Nepal,2014
Nepal,2015
Nepal,2016
Nepal,2017
Nepal,2018
Nepal,2019
Nepal,2020
Nepal,2021
Nepal,2022
Nepal,2023
Nepal,2024
Cameroon,2010
Cameroon,2011
Cameroon,2012
Cameroon,2013
Cameroon,2014
Cameroon,2015
Cameroon,2016
Cameroon,2017
Cameroon,2018
Cameroon,2019
Cameroon,2020
Cameroon,2021
Cameroon,2022
Cameroon,2023
Cameroon,2024
Venezuela,2010
Venezuela,2011
Venezuela,2012
Venezuela,2013
Venezuela,2014
Venezuela,2015
Venezuela,2016
Venezuela,2017
Venezuela,2018
Venezuela,2019
Venezuela,2020
Venezuela,2021
Venezuela,2022
Venezuela,2023
Venezuela,2024
Australia,2010
Australia,2011
Australia,2012
Australia,2013
Australia,2014
Australia,2015
Australia,2016
Australia,2017
Australia,2018
Australia,2019
Australia,2020
Australia,2021
Australia,2022
Australia,2023
Australia,2024
North Korea,2010
North Korea,2011
North Korea,2012
North Korea,2013
North Korea,2014
North Korea,2015
North Korea,2016
North Korea,2017
North Korea,2018
North Korea,2019
North Korea,2020
North Korea,2021
North Korea,2022
North Korea,2023
North Korea,2024
Syria,2010
Syria,2011
Syria,2012
Syria,2013
Syria,2014
Syria,2015
Syria,2016
Syria,2017
Syria,2018
Syria,2019
Syria,2020
Syria,2021
Syria,2022
Syria,2023
Syria,2024
Taiwan,2010
Taiwan,2011
Taiwan,2012
Taiwan,2013
Taiwan,2014
Taiwan,2015
Taiwan,2016
Taiwan,2017
Taiwan,2018
Taiwan,2019
Taiwan,2020
Taiwan,2021
Taiwan,2022
Taiwan,2023
Taiwan,2024
Kazakhstan,2010
Kazakhstan,2011
Kazakhstan,2012
Kazakhstan,2013
Kazakhstan,2014
Kazakhstan,2015
Kazakhstan,2016
Kazakhstan,2017
Kazakhstan,2018
Kazakhstan,2019
Kazakhstan,2020
Kazakhstan,2021
Kazakhstan,2022
Kazakhstan,2023
Kazakhstan,2024
Romania,2010
Romania,2011
Romania,2012
Romania,2013
Romania,2014
Romania,2015
Romania,2016
Romania,2017
Romania,2018
Romania,2019
Romania,2020
Romania,2021
Romania,2022
Romania,2023
Romania,2024
Senegal,2010
Senegal,2011
Senegal,2012
Senegal,2013
Senegal,2014
Senegal,2015
Senegal,2016
Senegal,2017
Senegal,2018
Senegal,2019
Senegal,2020
Senegal,2021
Senegal,2022
Senegal,2023
Senegal,2024
Netherlands,2010
Netherlands,2011
Netherlands,2012
Netherlands,2013
Netherlands,2014
Netherlands,2015
Netherlands,2016
Netherlands,2017
Netherlands,2018
Netherlands,2019
Netherlands,2020
Netherlands,2021
Netherlands,2022
Netherlands,2023
Netherlands,2024
Cambodia,2010
Cambodia,2011
Cambodia,2012
Cambodia,2013
Cambodia,2014
Cambodia,2015
Cambodia,2016
Cambodia,2017
Cambodia,2018
Cambodia,2019
Cambodia,2020
Cambodia,2021
Cambodia,2022
Cambodia,2023
Cambodia,2024
Rwanda,2010
Rwanda,2011
Rwanda,2012
Rwanda,2013
Rwanda,2014
Rwanda,2015
Rwanda,2016
Rwanda,2017
Rwanda,2018
Rwanda,2019
Rwanda,2020
Rwanda,2021
Rwanda,2022
Rwanda,2023
Rwanda,2024
Tunisia,2010
Tunisia,2011
Tunisia,2012
Tunisia,2013
Tunisia,2014
Tunisia,2015
Tunisia,2016
Tunisia,2017
Tunisia,2018
Tunisia,2019
Tunisia,2020
Tunisia,2021
Tunisia,2022
Tunisia,2023
Tunisia,2024
Belgium,2010
Belgium,2011
Belgium,2012
Belgium,2013
Belgium,2014
Belgium,2015
Belgium,2016
Belgium,2017
Belgium,2018
Belgium,2019
Belgium,2020
Belgium,2021
Belgium,2022
Belgium,2023
Belgium,2024
Haiti,2010
Haiti,2011
Haiti,2012
Haiti,2013
Haiti,2014
Haiti,2015
Haiti,2016
Haiti,2017
Haiti,2018
Haiti,2019
Haiti,2020
Haiti,2021
Haiti,2022
Haiti,2023
Haiti,2024
Jordan,2010
Jordan,2011
Jordan,2012
Jordan,2013
Jordan,2014
Jordan,2015
Jordan,2016
Jordan,2017
Jordan,2018
Jordan,2019
Jordan,2020
Jordan,2021
Jordan,2022
Jordan,2023
Jordan,2024
Cuba,2010
Cuba,2011
Cuba,2012
Cuba,2013
Cuba,2014
Cuba,2015
Cuba,2016
Cuba,2017
Cuba,2018
Cuba,2019
Cuba,2020
Cuba,2021
Cuba,2022
Cuba,2023
Cuba,2024
Dominican Republic,2010
Dominican Republic,2011
Dominican Republic,2012
Dominican Republic,2013
Dominican Republic,2014
Dominican Republic,2015
Dominican Republic,2016
Dominican Republic,2017
Dominican Republic,2018
Dominican Republic,2019
Dominican Republic,2020
Dominican Republic,2021
Dominican Republic,2022
Dominican Republic,2023
Dominican Republic,2024
Portugal,2010
Portugal,2011
Portugal,2012
Portugal,2013
Portugal,2014
Portugal,2015
Portugal,2016
Portugal,2017
Portugal,2018
Portugal,2019
Portugal,2020
Portugal,2021
Portugal,2022
Portugal,2023
Portugal,2024
Sweden,2010
Sweden,2011
Sweden,2012
Sweden,2013
Sweden,2014
Sweden,2015
Sweden,2016
Sweden,2017
Sweden,2018
Sweden,2019
Sweden,2020
Sweden,2021
Sweden,2022
Sweden,2023
Sweden,2024
Greece,2010
Greece,2011
Greece,2012
Greece,2013
Greece,2014
Greece,2015
Greece,2016
Greece,2017
Greece,2018
Greece,2019
Greece,2020
Greece,2021
Greece,2022
Greece,2023
Greece,2024
United Arab Emirates,2010
United Arab Emirates,2011
United Arab Emirates,2012
United Arab Emirates,2013
United Arab Emirates,2014
United Arab Emirates,2015
United Arab Emirates,2016
United Arab Emirates,2017
United Arab Emirates,2018
United Arab Emirates,2019
United Arab Emirates,2020
United Arab Emirates,2021
United Arab Emirates,2022
United Arab Emirates,2023
United Arab Emirates,2024
Azerbaijan,2010
Azerbaijan,2011
Azerbaijan,2012
Azerbaijan,2013
Azerbaijan,2014
Azerbaijan,2015
Azerbaijan,2016
Azerbaijan,2017
Azerbaijan,2018
Azerbaijan,2019
Azerbaijan,2020
Azerbaijan,2021
Azerbaijan,2022
Azerbaijan,2023
Azerbaijan,2024
Israel,2010
Israel,2011
Israel,2012
Israel,2013
Israel,2014
Israel,2015
Israel,2016
Israel,2017
Israel,2018
Israel,2019
Israel,2020
Israel,2021
Israel,2022
Israel,2023
Israel,2024
Hungary,2010
Hungary,2011
Hungary,2012
Hungary,2013
Hungary,2014
Hungary,2015
Hungary,2016
Hungary,2017
Hungary,2018
Hungary,2019
Hungary,2020
Hungary,2021
Hungary,2022
Hungary,2023
Hungary,2024
Austria,2010
Austria,2011
Austria,2012
Austria,2013
Austria,2014
Austria,2015
Austria,2016
Austria,2017
Austria,2018
Austria,2019
Austria,2020
Austria,2021
Austria,2022
Austria,2023
Austria,2024
Belarus,2010
Belarus,2011
Belarus,2012
Belarus,2013
Belarus,2014
Belarus,2015
Belarus,2016
Belarus,2017
Belarus,2018
Belarus,2019
Belarus,2020
Belarus,2021
Belarus,2022
Belarus,2023
Belarus,2024
Switzerland,2010
Switzerland,2011
Switzerland,2012
Switzerland,2013
Switzerland,2014
Switzerland,2015
Switzerland,2016
Switzerland,2017
Switzerland,2018
Switzerland,2019
Switzerland,2020
Switzerland,2021
Switzerland,2022
Switzerland,2023
Switzerland,2024
Hong Kong,2010
Hong Kong,2011
Hong Kong,2012
Hong Kong,2013
Hong Kong,2014
Hong Kong,2015
Hong Kong,2016
Hong Kong,2017
Hong Kong,2018
Hong Kong,2019
Hong Kong,2020
Hong Kong,2021
Hong Kong,2022
Hong Kong,2023
Hong Kong,2024
Laos,2010
Laos,2011
Laos,2012
Laos,2013
Laos,2014
Laos,2015
Laos,2016
Laos,2017
Laos,2018
Laos,2019
Laos,2020
Laos,2021
Laos,2022
Laos,2023
Laos,2024
Libya,2010
Libya,2011
Libya,2012
Libya,2013
Libya,2014
Libya,2015
Libya,2016
Libya,2017
Libya,2018
Libya,2019
Libya,2020
Libya,2021
Libya,2022
Libya,2023
Libya,2024
Kyrgyzstan,2010
Kyrgyzstan,2011
Kyrgyzstan,2012
Kyrgyzstan,2013
Kyrgyzstan,2014
Kyrgyzstan,2015
Kyrgyzstan,2016
Kyrgyzstan,2017
Kyrgyzstan,2018
Kyrgyzstan,2019
Kyrgyzstan,2020
Kyrgyzstan,2021
Kyrgyzstan,2022
Kyrgyzstan,2023
Kyrgyzstan,2024
El Salvador,2010
El Salvador,2011
El Salvador,2012
El Salvador,2013
El Salvador,2014
El Salvador,2015
El Salvador,2016
El Salvador,2017
El Salvador,2018
El Salvador,2019
El Salvador,2020
El Salvador,2021
El Salvador,2022
El Salvador,2023
El Salvador,2024
Serbia,2010
Serbia,2011
Serbia,2012
Serbia,2013
Serbia,2014
Serbia,2015
Serbia,2016
Serbia,2017
Serbia,2018
Serbia,2019
Serbia,2020
Serbia,2021
Serbia,2022
Serbia,2023
Serbia,2024
Bulgaria,2010
Bulgaria,2011
Bulgaria,2012
Bulgaria,2013
Bulgaria,2014
Bulgaria,2015
Bulgaria,2016
Bulgaria,2017
Bulgaria,2018
Bulgaria,2019
Bulgaria,2020
Bulgaria,2021
Bulgaria,2022
Bulgaria,2023
Bulgaria,2024
Republic of the Congo,2010
Republic of the Congo,2011
Republic of the Congo,2012
Republic of the Congo,2013
Republic of the Congo,2014
Republic of the Congo,2015
Republic of the Congo,2016
Republic of the Congo,2017
Republic of the Congo,2018
Republic of the Congo,2019
Republic of the Congo,2020
Republic of the Congo,2021
Republic of the Congo,2022
Republic of the Congo,2023
Republic of the Congo,2024
Paraguay,2010
Paraguay,2011
Paraguay,2012
Paraguay,2013
Paraguay,2014
Paraguay,2015
Paraguay,2016
Paraguay,2017
Paraguay,2018
Paraguay,2019
Paraguay,2020
Paraguay,2021
Paraguay,2022
Paraguay,2023
Paraguay,2024
Singapore,2010
Singapore,2011
Singapore,2012
Singapore,2013
Singapore,2014
Singapore,2015
Singapore,2016
Singapore,2017
Singapore,2018
Singapore,2019
Singapore,2020
Singapore,2021
Singapore,2022
Singapore,2023
Singapore,2024
Denmark,2010
Denmark,2011
Denmark,2012
Denmark,2013
Denmark,2014
Denmark,2015
Denmark,2016
Denmark,2017
Denmark,2018
Denmark,2019
Denmark,2020
Denmark,2021
Denmark,2022
Denmark,2023
Denmark,2024
Finland,2010
Finland,2011
Finland,2012
Finland,2013
Finland,2014
Finland,2015
Finland,2016
Finland,2017
Finland,2018
Finland,2019
Finland,2020
Finland,2021
Finland,2022
Finland,2023
Finland,2024
Norway,2010
Norway,2011
Norway,2012
Norway,2013
Norway,2014
Norway,2015
Norway,2016
Norway,2017
Norway,2018
Norway,2019
Norway,2020
Norway,2021
Norway,2022
Norway,2023
Norway,2024
Lebanon,2010
Lebanon,2011
Lebanon,2012
Lebanon,2013
Lebanon,2014
Lebanon,2015
Lebanon,2016
Lebanon,2017
Lebanon,2018
Lebanon,2019
Lebanon,2020
Lebanon,2021
Lebanon,2022
Lebanon,2023
Lebanon,2024
Ireland,2010
Ireland,2011
Ireland,2012
Ireland,2013
Ireland,2014
Ireland,2015
Ireland,2016
Ireland,2017
Ireland,2018
Ireland,2019
Ireland,2020
Ireland,2021
Ireland,2022
Ireland,2023
Ireland,2024
New Zealand,2010
New Zealand,2011
New Zealand,2012
New Zealand,2013
New Zealand,2014
New Zealand,2015
New Zealand,2016
New Zealand,2017
New Zealand,2018
New Zealand,2019
New Zealand,2020
New Zealand,2021
New Zealand,2022
New Zealand,2023
New Zealand,2024
Costa Rica,2010
Costa Rica,2011
Costa Rica,2012
Costa Rica,2013
Costa Rica,2014
Costa Rica,2015
Costa Rica,2016
Costa Rica,2017
Costa Rica,2018
Costa Rica,2019
Costa Rica,2020
Costa Rica,2021
Costa Rica,2022
Costa Rica,2023
Costa Rica,2024
Panama,2010
Panama,2011
Panama,2012
Panama,2013
Panama,2014
Panama,2015
Panama,2016
Panama,2017
Panama,2018
Panama,2019
Panama,2020
Panama,2021
Panama,2022
Panama,2023
Panama,2024
Croatia,2010
Croatia,2011
Croatia,2012
Croatia,2013
Croatia,2014
Croatia,2015
Croatia,2016
Croatia,2017
Croatia,2018
Croatia,2019
Croatia,2020
Croatia,2021
Croatia,2022
Croatia,2023
Croatia,2024
Georgia,2010
Georgia,2011
Georgia,2012
Georgia,2013
Georgia,2014
Georgia,2015
Georgia,2016
Georgia,2017
Georgia,2018
Georgia,2019
Georgia,2020
Georgia,2021
Georgia,2022
Georgia,2023
Georgia,2024
Mongolia,2010
Mongolia,2011
Mongolia,2012
Mongolia,2013
Mongolia,2014
Mongolia,2015
Mongolia,2016
Mongolia,2017
Mongolia,2018
Mongolia,2019
Mongolia,2020
Mongolia,2021
Mongolia,2022
Mongolia,2023
Mongolia,2024
Uruguay,2010
Uruguay,2011
Uruguay,2012
Uruguay,2013
Uruguay,2014
Uruguay,2015
Uruguay,2016
Uruguay,2017
Uruguay,2018
Uruguay,2019
Uruguay,2020
Uruguay,2021
Uruguay,2022
Uruguay,2023
Uruguay,2024
Puerto Rico (US),2010
Puerto Rico (US),2011
Puerto Rico (US),2012
Puerto Rico (US),2013
Puerto Rico (US),2014
Puerto Rico (US),2015
Puerto Rico (US),2016
Puerto Rico (US),2017
Puerto Rico (US),2018
Puerto Rico (US),2019
Puerto Rico (US),2020
Puerto Rico (US),2021
Puerto Rico (US),2022
Puerto Rico (US),2023
Puerto Rico (US),2024
Armenia,2010
Armenia,2011
Armenia,2012
Armenia,2013
Armenia,2014
Armenia,2015
Armenia,2016
Armenia,2017
Armenia,2018
Armenia,2019
Armenia,2020
Armenia,2021
Armenia,2022
Armenia,2023
Armenia,2024
Lithuania,2010
Lithuania,2011
Lithuania,2012
Lithuania,2013
Lithuania,2014
Lithuania,2015
Lithuania,2016
Lithuania,2017
Lithuania,2018
Lithuania,2019
Lithuania,2020
Lithuania,2021
Lithuania,2022
Lithuania,2023
Lithuania,2024
Qatar,2010
Qatar,2011
Qatar,2012
Qatar,2013
Qatar,2014
Qatar,2015
Qatar,2016
Qatar,2017
Qatar,2018
Qatar,2019
Qatar,2020
Qatar,2021
Qatar,2022
Qatar,2023
Qatar,2024
Botswana,2010
Botswana,2011
Botswana,2012
Botswana,2013
Botswana,2014
Botswana,2015
Botswana,2016
Botswana,2017
Botswana,2018
Botswana,2019
Botswana,2020
Botswana,2021
Botswana,2022
Botswana,2023
Botswana,2024
Albania,2010
Albania,2011
Albania,2012
Albania,2013
Albania,2014
Albania,2015
Albania,2016
Albania,2017
Albania,2018
Albania,2019
Albania,2020
Albania,2021
Albania,2022
Albania,2023
Albania,2024
Slovenia,2010
Slovenia,2011
Slovenia,2012
Slovenia,2013
Slovenia,2014
Slovenia,2015
Slovenia,2016
Slovenia,2017
Slovenia,2018
Slovenia,2019
Slovenia,2020
Slovenia,2021
Slovenia,2022
Slovenia,2023
Slovenia,2024
Latvia,2010
Latvia,2011
Latvia,2012
Latvia,2013
Latvia,2014
Latvia,2015
Latvia,2016
Latvia,2017
Latvia,2018
Latvia,2019
Latvia,2020
Latvia,2021
Latvia,2022
Latvia,2023
Latvia,2024
Bahrain,2010
Bahrain,2011
Bahrain,2012
Bahrain,2013
Bahrain,2014
Bahrain,2015
Bahrain,2016
Bahrain,2017
Bahrain,2018
Bahrain,2019
Bahrain,2020
Bahrain,2021
Bahrain,2022
Bahrain,2023
Bahrain,2024
Estonia,2010
Estonia,2011
Estonia,2012
Estonia,2013
Estonia,2014
Estonia,2015
Estonia,2016
Estonia,2017
Estonia,2018
Estonia,2019
Estonia,2020
Estonia,2021
Estonia,2022
Estonia,2023
Estonia,2024
Mauritius,2010
Mauritius,2011
Mauritius,2012
Mauritius,2013
Mauritius,2014
Mauritius,2015
Mauritius,2016
Mauritius,2017
Mauritius,2018
Mauritius,2019
Mauritius,2020
Mauritius,2021
Mauritius,2022
Mauritius,2023
Mauritius,2024
Djibouti,2010
Djibouti,2011
Djibouti,2012
Djibouti,2013
Djibouti,2014
Djibouti,2015
Djibouti,2016
Djibouti,2017
Djibouti,2018
Djibouti,2019
Djibouti,2020
Djibouti,2021
Djibouti,2022
Djibouti,2023
Djibouti,2024
Cyprus,2010
Cyprus,2011
Cyprus,2012
Cyprus,2013
Cyprus,2014
Cyprus,2015
Cyprus,2016
Cyprus,2017
Cyprus,2018
Cyprus,2019
Cyprus,2020
Cyprus,2021
Cyprus,2022
Cyprus,2023
Cyprus,2024
Fiji,2010
Fiji,2011
Fiji,2012
Fiji,2013
Fiji,2014
Fiji,2015
Fiji,2016
Fiji,2017
Fiji,2018
Fiji,2019
Fiji,2020
Fiji,2021
Fiji,2022
Fiji,2023
Fiji,2024
Bhutan,2010
Bhutan,2011
Bhutan,2012
Bhutan,2013
Bhutan,2014
Bhutan,2015
Bhutan,2016
Bhutan,2017
Bhutan,2018
Bhutan,2019
Bhutan,2020
Bhutan,2021
Bhutan,2022
Bhutan,2023
Bhutan,2024
